,Description (2018 Census Occupation Code),2018 Census PUMS Occupation Code
chief executives and legislators,chief executives and legislators,10
chief executives, chief executives,10
legislators, legislators,30
general and operations managers,general and operations managers,20
advertising and promotions managers,advertising and promotions managers,40
marketing managers,marketing managers,51
sales managers,sales managers,52
public relations and fundraising managers,public relations and fundraising managers,60
administrative services managers,administrative services managers,101
facilities managers,facilities managers,102
computer and information systems managers,computer and information systems managers,110
financial managers,financial managers,120
compensation and benefits managers,compensation and benefits managers,135
human resources managers,human resources managers,136
training and development managers,training and development managers,137
industrial production managers,industrial production managers,140
purchasing managers,purchasing managers,150
"transportation, storage, and distribution managers","transportation, storage, and distribution managers",160
"farmers, ranchers, and other agricultural managers","farmers, ranchers, and other agricultural managers",205
construction managers,construction managers,220
education and childcare administrators,education and childcare administrators,230
architectural and engineering managers,architectural and engineering managers,300
food service managers,food service managers,310
entertainment and recreation managers,entertainment and recreation managers,335
lodging managers,lodging managers,340
medical and health services managers,medical and health services managers,350
natural sciences managers,natural sciences managers,360
"property, real estate, and community association managers","property, real estate, and community association managers",410
social and community service managers,social and community service managers,420
emergency management directors,emergency management directors,425
other managers,other managers,440
funeral home managers, funeral home managers,325
postmasters and mail superintendents, postmasters and mail superintendents,400
"personal service managers, all other"," personal service managers, all other",426
"managers, all other"," managers, all other",440
"agents and business managers of artists, performers, and athletes","agents and business managers of artists, performers, and athletes",500
"buyers and purchasing agents, farm products","buyers and purchasing agents, farm products",510
"wholesale and retail buyers, except farm products","wholesale and retail buyers, except farm products",520
"purchasing agents, except wholesale, retail, and farm products","purchasing agents, except wholesale, retail, and farm products",530
"claims adjusters, appraisers, examiners, and investigators","claims adjusters, appraisers, examiners, and investigators",540
compliance officers,compliance officers,565
cost estimators,cost estimators,600
human resources workers,human resources workers,630
"compensation, benefits, and job analysis specialists","compensation, benefits, and job analysis specialists",640
training and development specialists,training and development specialists,650
logisticians,logisticians,700
project management specialists,project management specialists,705
management analysts,management analysts,710
"meeting, convention, and event planners","meeting, convention, and event planners",725
fundraisers,fundraisers,726
market research analysts and marketing specialists,market research analysts and marketing specialists,735
"business operations specialists, all other","business operations specialists, all other",750
accountants and auditors,accountants and auditors,800
property appraisers and assessors,property appraisers and assessors,810
budget analysts,budget analysts,820
credit analysts,credit analysts,830
financial and investment analysts,financial and investment analysts,845
personal financial advisors,personal financial advisors,850
insurance underwriters,insurance underwriters,860
financial examiners,financial examiners,900
credit counselors and loan officers,credit counselors and loan officers,910
"tax examiners and collectors, and revenue agents","tax examiners and collectors, and revenue agents",930
tax preparers,tax preparers,940
other financial specialists,other financial specialists,960
financial risk specialists,financial risk specialists,960
"financial specialists, all other","financial specialists, all other",960
computer and information research scientists,computer and information research scientists,1005
computer systems analysts,computer systems analysts,1006
information security analysts,information security analysts,1007
computer programmers,computer programmers,1010
software developers,software developers,1021
software quality assurance analysts and testers,software quality assurance analysts and testers,1022
web developers,web developers,1031
web and digital interface designers,web and digital interface designers,1032
computer support specialists,computer support specialists,1050
database administrators and architects,database administrators and architects,1065
database administrators,database administrators,1065
database architects,database architects,1065
network and computer systems administrators,network and computer systems administrators,1105
computer network architects,computer network architects,1106
"computer occupations, all other","computer occupations, all other",1108
actuaries,actuaries,1200
operations research analysts,operations research analysts,1220
other mathematical science occupations,other mathematical science occupations,1240
mathematicians, mathematicians,1210
statisticians, statisticians,1230
data scientists,data scientists,1240
"mathematical science occupations, all other","mathematical science occupations, all other",1240
"architects, except landscape and naval","architects, except landscape and naval",1305
landscape architects,landscape architects,1306
"surveyors, cartographers, and photogrammetrists","surveyors, cartographers, and photogrammetrists",1310
aerospace engineers,aerospace engineers,1320
biomedical and agricultural engineers,biomedical and agricultural engineers,1340
agricultural engineers, agricultural engineers,1330
bioengineers and biomedical engineers, bioengineers and biomedical engineers,1340
chemical engineers,chemical engineers,1350
civil engineers,civil engineers,1360
computer hardware engineers,computer hardware engineers,1400
electrical and electronics engineers,electrical and electronics engineers,1410
environmental engineers,environmental engineers,1420
"industrial engineers, including health and safety","industrial engineers, including health and safety",1430
marine engineers and naval architects,marine engineers and naval architects,1440
materials engineers,materials engineers,1450
mechanical engineers,mechanical engineers,1460
"petroleum, mining and geological engineers, including mining safety engineers","petroleum, mining and geological engineers, including mining safety engineers",1520
"mining and geological engineers, including mining safety engineers"," mining and geological engineers, including mining safety engineers",1500
petroleum engineers, petroleum engineers,1520
other engineers,other engineers,1530
nuclear engineers, nuclear engineers,1510
"engineers, all other"," engineers, all other",1530
architectural and civil drafters,architectural and civil drafters,1541
other drafters,other drafters,1545
electrical and electronics drafters,electrical and electronics drafters,1545
mechanical drafters,mechanical drafters,1545
"drafters, all other","drafters, all other",1545
electrical and electronic engineering technologists and technicians,electrical and electronic engineering technologists and technicians,1551
"other engineering technologists and technicians, except drafters","other engineering technologists and technicians, except drafters",1555
aerospace engineering and operations technologists and technicians,aerospace engineering and operations technologists and technicians ,1555
civil engineering technologists and technicians,civil engineering technologists and technicians,1555
electro-mechanical and mechatronics technologists and technicians,electro-mechanical and mechatronics technologists and technicians,1555
environmental engineering technologists and technicians,environmental engineering technologists and technicians,1555
industrial engineering technologists and technicians,industrial engineering technologists and technicians,1555
mechanical engineering technologists and technicians,mechanical engineering technologists and technicians,1555
calibration technologists and technicians,calibration technologists and technicians,1555
"engineering technologists and technicians, except drafters, all other","engineering technologists and technicians, except drafters, all other",1555
surveying and mapping technicians,surveying and mapping technicians,1560
agricultural and food scientists,agricultural and food scientists,1600
biological scientists,biological scientists,1610
conservation scientists and foresters,conservation scientists and foresters,1640
other life scientists,other life scientists,1650
medical scientists, medical scientists,1650
"life scientists, all other"," life scientists, all other",1660
astronomers and physicists,astronomers and physicists,1700
atmospheric and space scientists,atmospheric and space scientists,1710
chemists and materials scientists,chemists and materials scientists,1720
"environmental scientists and specialists, including health","environmental scientists and specialists, including health",1745
"geoscientists and hydrologists, except geographers","geoscientists and hydrologists, except geographers",1750
"geoscientists, except hydrologists and geographers","geoscientists, except hydrologists and geographers ",1750
hydrologists,hydrologists ,1750
"physical scientists, all other","physical scientists, all other",1760
economists,economists,1800
clinical and counseling psychologists,clinical and counseling psychologists,1821
school psychologists,school psychologists,1822
other psychologists,other psychologists,1825
industrial-organizational psychologists,industrial-organizational psychologists,1825
"psychologists, all other","psychologists, all other ",1825
urban and regional planners,urban and regional planners,1840
other social scientists,other social scientists,1860
survey researchers, survey researchers,1815
sociologists, sociologists,1830
miscellaneous social scientists and related workers, miscellaneous social scientists and related workers,1860
agricultural and food science technicians,agricultural and food science technicians,1900
biological technicians,biological technicians,1910
chemical technicians,chemical technicians,1920
"environmental science and geoscience technicians, and nuclear technicians","environmental science and geoscience technicians, and nuclear technicians",1935
environmental science and geoscience technicians, environmental science and geoscience technicians,1935
nuclear technicians, nuclear technicians,1940
"other life, physical, and social science technicians","other life, physical, and social science technicians",1970
social science research assistants, social science research assistants,1950
forest and conservation technicians,forest and conservation technicians,1970
"miscellaneous life, physical, and social science technicians","miscellaneous life, physical, and social science technicians ",1970
occupational health and safety specialists and technicians,occupational health and safety specialists and technicians,1980
substance abuse and behavioral disorder counselors,substance abuse and behavioral disorder counselors,2001
"educational, guidance, and career counselors and advisors","educational, guidance, and career counselors and advisors",2002
marriage and family therapists,marriage and family therapists,2003
mental health counselors,mental health counselors,2004
rehabilitation counselors,rehabilitation counselors,2005
"counselors, all other","counselors, all other",2006
"child, family, and school social workers","child, family, and school social workers",2011
healthcare social workers,healthcare social workers,2012
mental health and substance abuse social workers,mental health and substance abuse social workers,2013
"social workers, all other","social workers, all other",2014
probation officers and correctional treatment specialists,probation officers and correctional treatment specialists,2015
social and human service assistants,social and human service assistants,2016
other community and social service specialists,other community and social service specialists,2025
health education specialists,health education specialists ,2025
community health workers,community health workers ,2025
"community and social service specialists, all other","community and social service specialists, all other ",2025
clergy,clergy,2040
"directors, religious activities and education","directors, religious activities and education",2050
"religious workers, all other","religious workers, all other",2060
"lawyers, and judges, magistrates, and other judicial workers","lawyers, and judges, magistrates, and other judicial workers",2100
lawyers, lawyers,2100
"judges, magistrates, and other judicial workers"," judges, magistrates, and other judicial workers",2110
judicial law clerks,judicial law clerks,2105
paralegals and legal assistants,paralegals and legal assistants,2145
"title examiners, abstractors, and searchers","title examiners, abstractors, and searchers",2170
"legal support workers, all other","legal support workers, all other",2180
postsecondary teachers,postsecondary teachers,2205
preschool and kindergarten teachers,preschool and kindergarten teachers,2300
elementary and middle school teachers,elementary and middle school teachers,2310
secondary school teachers,secondary school teachers,2320
special education teachers,special education teachers,2330
tutors,tutors,2350
other teachers and instructors,other teachers and instructors,2360
"adult basic education, adult secondary education, and english as a second language instructors","adult basic education, adult secondary education, and english as a second language instructors",2360
self-enrichment teachers,self-enrichment teachers,2360
"substitute teachers, short-term","substitute teachers, short-term ",2360
"teachers and instructors, all other","teachers and instructors, all other ",2360
"archivists, curators, and museum technicians","archivists, curators, and museum technicians",2400
librarians and media collections specialists,librarians and media collections specialists,2435
library technicians,library technicians,2440
teaching assistants,teaching assistants,2545
other educational instruction and library workers,other educational instruction and library workers,2555
farm and home management educators,farm and home management educators,2555
instructional coordinators,instructional coordinators,2555
"educational instruction and library workers, all other","educational instruction and library workers, all other",2555
artists and related workers,artists and related workers,2600
commercial and industrial designers,commercial and industrial designers,2631
fashion designers,fashion designers,2632
floral designers,floral designers,2633
graphic designers,graphic designers,2634
interior designers,interior designers,2635
merchandise displayers and window trimmers,merchandise displayers and window trimmers,2636
other designers,other designers,2640
set and exhibit designers,set and exhibit designers ,2640
"designers, all other","designers, all other",2640
actors,actors,2700
producers and directors,producers and directors,2710
athletes and sports competitors,athletes and sports competitors,2721
coaches and scouts,coaches and scouts,2722
"umpires, referees, and other sports officials","umpires, referees, and other sports officials",2723
dancers and choreographers,dancers and choreographers,2740
music directors and composers,music directors and composers,2751
musicians and singers,musicians and singers,2752
"disc jockeys, except radio","disc jockeys, except radio",2755
"entertainers and performers, sports and related workers, all other","entertainers and performers, sports and related workers, all other",2770
broadcast announcers and radio disc jockeys,broadcast announcers and radio disc jockeys,2805
"news analysts, reporters, and journalists","news analysts, reporters, and journalists",2810
public relations specialists,public relations specialists,2825
editors,editors,2830
technical writers,technical writers,2840
writers and authors,writers and authors,2850
interpreters and translators,interpreters and translators,2861
court reporters and simultaneous captioners,court reporters and simultaneous captioners,2862
"media and communication workers, all other","media and communication workers, all other",2865
other media and communication equipment workers,other media and communication equipment workers,2905
"broadcast, sound, and lighting technicians"," broadcast, sound, and lighting technicians",2905
"media and communication equipment workers, all other"," media and communication equipment workers, all other",2970
photographers,photographers,2910
"television, video, and film camera operators and editors","television, video, and film camera operators and editors",2920
chiropractors,chiropractors,3000
dentists,dentists,3010
dietitians and nutritionists,dietitians and nutritionists,3030
optometrists,optometrists,3040
pharmacists,pharmacists,3050
physicians,physicians,3090
emergency medicine physicians, emergency medicine physicians,3065
radiologists, radiologists,3070
other physicians, other physicians,3090
anesthesiologists,anesthesiologists  ,3090
cardiologists,cardiologists  ,3090
dermatologists,dermatologists  ,3090
family medicine physicians,family medicine physicians  ,3090
general internal medicine physicians,general internal medicine physicians  ,3090
neurologists,neurologists  ,3090
obstetricians and gynecologists,obstetricians and gynecologists  ,3090
"pediatricians, general","pediatricians, general  ",3090
"physicians, pathologists","physicians, pathologists  ",3090
psychiatrists,psychiatrists  ,3090
"physicians, all other","physicians, all other  ",3090
surgeons,surgeons,3100
physician assistants,physician assistants,3110
podiatrists,podiatrists,3120
audiologists,audiologists,3140
occupational therapists,occupational therapists,3150
physical therapists,physical therapists,3160
radiation therapists,radiation therapists,3200
recreational therapists,recreational therapists,3210
respiratory therapists,respiratory therapists,3220
speech-language pathologists,speech-language pathologists,3230
other therapists,other therapists,3245
exercise physiologists, exercise physiologists,3235
"therapists, all other"," therapists, all other",3245
veterinarians,veterinarians,3250
registered nurses,registered nurses,3255
nurse anesthetists,nurse anesthetists,3256
"nurse practitioners, and nurse midwives","nurse practitioners, and nurse midwives",3258
nurse midwives, nurse midwives,3257
nurse practitioners, nurse practitioners,3258
acupuncturists,acupuncturists,3261
"healthcare diagnosing or treating practitioners, all other","healthcare diagnosing or treating practitioners, all other",3270
clinical laboratory technologists and technicians,clinical laboratory technologists and technicians,3300
dental hygienists,dental hygienists,3310
cardiovascular technologists and technicians,cardiovascular technologists and technicians,3321
diagnostic medical sonographers,diagnostic medical sonographers,3322
radiologic technologists and technicians,radiologic technologists and technicians,3323
magnetic resonance imaging technologists,magnetic resonance imaging technologists,3324
nuclear medicine technologists and medical dosimetrists,nuclear medicine technologists and medical dosimetrists,3330
nuclear medicine technologists,nuclear medicine technologists ,3330
medical dosimetrists,medical dosimetrists ,3330
emergency medical technicians,emergency medical technicians,3401
paramedics,paramedics,3402
pharmacy technicians,pharmacy technicians,3421
psychiatric technicians,psychiatric technicians,3422
surgical technologists,surgical technologists,3423
veterinary technologists and technicians,veterinary technologists and technicians,3424
dietetic technicians and ophthalmic medical technicians,dietetic technicians and ophthalmic medical technicians,3430
dietetic technicians,dietetic technicians ,3430
ophthalmic medical technicians,ophthalmic medical technicians,3430
licensed practical and licensed vocational nurses,licensed practical and licensed vocational nurses,3500
medical records specialists,medical records specialists,3515
"opticians, dispensing","opticians, dispensing",3520
miscellaneous health technologists and technicians,miscellaneous health technologists and technicians,3545
other healthcare practitioners and technical occupations,other healthcare practitioners and technical occupations,3550
home health aides,home health aides,3601
personal care aides,personal care aides,3602
nursing assistants,nursing assistants,3603
orderlies and psychiatric aides,orderlies and psychiatric aides,3605
orderlies,orderlies ,3605
psychiatric aides,psychiatric aides ,3605
occupational therapy assistants and aides,occupational therapy assistants and aides,3610
physical therapist assistants and aides,physical therapist assistants and aides,3620
massage therapists,massage therapists,3630
dental assistants,dental assistants,3640
medical assistants,medical assistants,3645
medical transcriptionists,medical transcriptionists,3646
pharmacy aides,pharmacy aides,3647
veterinary assistants and laboratory animal caretakers,veterinary assistants and laboratory animal caretakers,3648
phlebotomists,phlebotomists,3649
other healthcare support workers,other healthcare support workers,3655
medical equipment preparers,medical equipment preparers,3655
"healthcare support workers, all other","healthcare support workers, all other",3655
first-line supervisors of correctional officers,first-line supervisors of correctional officers,3700
first-line supervisors of police and detectives,first-line supervisors of police and detectives,3710
first-line supervisors of firefighting and prevention workers,first-line supervisors of firefighting and prevention workers,3720
"miscellaneous first-line supervisors, protective service workers","miscellaneous first-line supervisors, protective service workers",3725
first, first,3725
first, first,3735
firefighters,firefighters,3740
fire inspectors,fire inspectors,3750
bailiffs,bailiffs,3801
correctional officers and jailers,correctional officers and jailers,3802
detectives and criminal investigators,detectives and criminal investigators,3820
fish and game wardens and parking enforcement officers,fish and game wardens and parking enforcement officers,3840
fish and game wardens, fish and game wardens,3830
parking enforcement workers, parking enforcement workers,3840
police officers,police officers,3870
animal control workers,animal control workers,3900
private detectives and investigators,private detectives and investigators,3910
security guards and gambling surveillance officers,security guards and gambling surveillance officers,3930
crossing guards and flaggers,crossing guards and flaggers,3940
transportation security screeners,transportation security screeners,3945
school bus monitors,school bus monitors,3946
other protective service workers,other protective service workers,3960
"lifeguards, ski patrol, and other recreational protective service workers","lifeguards, ski patrol, and other recreational protective service workers",3960
"protective service workers, all other","protective service workers, all other",3960
chefs and head cooks,chefs and head cooks,4000
first-line supervisors of food preparation and serving workers,first-line supervisors of food preparation and serving workers,4010
cooks,cooks,4020
food preparation workers,food preparation workers,4030
bartenders,bartenders,4040
fast food and counter workers,fast food and counter workers,4055
waiters and waitresses,waiters and waitresses,4110
"food servers, nonrestaurant","food servers, nonrestaurant",4120
dining room and cafeteria attendants and bartender helpers,dining room and cafeteria attendants and bartender helpers,4130
dishwashers,dishwashers,4140
"hosts and hostesses, restaurant, lounge, and coffee shop","hosts and hostesses, restaurant, lounge, and coffee shop",4150
"food preparation and serving related workers, all other","food preparation and serving related workers, all other",4160
first-line supervisors of housekeeping and janitorial workers,first-line supervisors of housekeeping and janitorial workers,4200
"first-line supervisors of landscaping, lawn service, and groundskeeping workers","first-line supervisors of landscaping, lawn service, and groundskeeping workers",4210
janitors and building cleaners,janitors and building cleaners,4220
"janitors and cleaners, except maids and housekeeping cleaners","janitors and cleaners, except maids and housekeeping cleaners",4220
"building cleaning workers, all other","building cleaning workers, all other",4220
maids and housekeeping cleaners,maids and housekeeping cleaners,4230
pest control workers,pest control workers,4240
landscaping and groundskeeping workers,landscaping and groundskeeping workers,4251
tree trimmers and pruners,tree trimmers and pruners,4252
other grounds maintenance workers,other grounds maintenance workers,4255
"pesticide handlers, sprayers, and applicators, vegetation","pesticide handlers, sprayers, and applicators, vegetation",4255
"grounds maintenance workers, all other","grounds maintenance workers, all other",4255
supervisors of personal care and service workers,supervisors of personal care and service workers,4330
animal trainers,animal trainers,4340
animal caretakers,animal caretakers,4350
gambling services workers,gambling services workers,4400
"ushers, lobby attendants, and ticket takers","ushers, lobby attendants, and ticket takers",4420
other entertainment attendants and related workers,other entertainment attendants and related workers,4435
motion picture and film projectionists,motion picture and film projectionists ,4435
miscellaneous entertainment attendants and related workers,miscellaneous entertainment attendants and related workers,4435
"embalmers, crematory operators and funeral attendants","embalmers, crematory operators and funeral attendants",4461
embalmers,embalmers,4461
crematory operators,crematory operators,4461
funeral attendants,funeral attendants ,4461
"morticians, undertakers, and funeral arrangers","morticians, undertakers, and funeral arrangers",4465
barbers,barbers,4500
"hairdressers, hairstylists, and cosmetologists","hairdressers, hairstylists, and cosmetologists",4510
manicurists and pedicurists,manicurists and pedicurists,4521
skincare specialists,skincare specialists,4522
other personal appearance workers,other personal appearance workers,4525
"makeup artists, theatrical and performance","makeup artists, theatrical and performance ",4525
shampooers,shampooers ,4525
"baggage porters, bellhops, and concierges","baggage porters, bellhops, and concierges",4530
tour and travel guides,tour and travel guides,4540
childcare workers,childcare workers,4600
exercise trainers and group fitness instructors,exercise trainers and group fitness instructors,4621
recreation workers,recreation workers,4622
residential advisors,residential advisors,4640
"personal care and service workers, all other","personal care and service workers, all other",4655
first-line supervisors of retail sales workers,first-line supervisors of retail sales workers,4700
first-line supervisors of non-retail sales workers,first-line supervisors of non-retail sales workers,4710
cashiers,cashiers,4720
counter and rental clerks,counter and rental clerks,4740
parts salespersons,parts salespersons,4750
retail salespersons,retail salespersons,4760
advertising sales agents,advertising sales agents,4800
insurance sales agents,insurance sales agents,4810
"securities, commodities, and financial services sales agents","securities, commodities, and financial services sales agents",4820
travel agents,travel agents,4830
"sales representatives of services, except advertising, insurance, financial services, and travel","sales representatives of services, except advertising, insurance, financial services, and travel",4840
"sales representatives, wholesale and manufacturing","sales representatives, wholesale and manufacturing",4850
"models, demonstrators, and product promoters","models, demonstrators, and product promoters",4900
real estate brokers and sales agents,real estate brokers and sales agents,4920
sales engineers,sales engineers,4930
telemarketers,telemarketers,4940
"door-to-door sales workers, news and street vendors, and related workers","door-to-door sales workers, news and street vendors, and related workers",4950
"sales and related workers, all other","sales and related workers, all other",4965
first-line supervisors of office and administrative support workers,first-line supervisors of office and administrative support workers,5000
"switchboard operators, including answering service","switchboard operators, including answering service",5010
telephone operators,telephone operators,5020
"communications equipment operators, all other","communications equipment operators, all other",5040
bill and account collectors,bill and account collectors,5100
billing and posting clerks,billing and posting clerks,5110
"bookkeeping, accounting, and auditing clerks","bookkeeping, accounting, and auditing clerks",5120
payroll and timekeeping clerks,payroll and timekeeping clerks,5140
procurement clerks,procurement clerks,5150
tellers,tellers,5160
other financial clerks,other financial clerks,5165
gambling cage workers, gambling cage workers,5130
"financial clerks, all other"," financial clerks, all other",5165
"court, municipal, and license clerks","court, municipal, and license clerks",5220
"credit authorizers, checkers, and clerks","credit authorizers, checkers, and clerks",5230
customer service representatives,customer service representatives,5240
"eligibility interviewers, government programs","eligibility interviewers, government programs",5250
file clerks,file clerks,5260
"hotel, motel, and resort desk clerks","hotel, motel, and resort desk clerks",5300
"interviewers, except eligibility and loan","interviewers, except eligibility and loan",5310
"library assistants, clerical","library assistants, clerical",5320
loan interviewers and clerks,loan interviewers and clerks,5330
new accounts clerks,new accounts clerks,5340
correspondence clerks and order clerks,correspondence clerks and order clerks,5350
correspondence clerks, correspondence clerks,5210
order clerks, order clerks,5350
"human resources assistants, except payroll and timekeeping","human resources assistants, except payroll and timekeeping",5360
receptionists and information clerks,receptionists and information clerks,5400
reservation and transportation ticket agents and travel clerks,reservation and transportation ticket agents and travel clerks,5410
other information and records clerks,other information and records clerks,5420
brokerage clerks, brokerage clerks,5200
"information and record clerks, all other"," information and record clerks, all other",5420
cargo and freight agents,cargo and freight agents,5500
couriers and messengers,couriers and messengers,5510
public safety telecommunicators,public safety telecommunicators,5521
"dispatchers, except police, fire, and ambulance","dispatchers, except police, fire, and ambulance",5522
"meter readers, utilities","meter readers, utilities",5530
postal service clerks,postal service clerks,5540
postal service mail carriers,postal service mail carriers,5550
"postal service mail sorters, processors, and processing machine operators","postal service mail sorters, processors, and processing machine operators",5560
"production, planning, and expediting clerks","production, planning, and expediting clerks",5600
"shipping, receiving, and inventory clerks","shipping, receiving, and inventory clerks",5610
"weighers, measurers, checkers, and samplers, recordkeeping","weighers, measurers, checkers, and samplers, recordkeeping",5630
executive secretaries and executive administrative assistants,executive secretaries and executive administrative assistants,5710
legal secretaries and administrative assistants,legal secretaries and administrative assistants,5720
medical secretaries and administrative assistants,medical secretaries and administrative assistants,5730
"secretaries and administrative assistants, except legal, medical, and executive","secretaries and administrative assistants, except legal, medical, and executive",5740
data entry keyers,data entry keyers,5810
word processors and typists,word processors and typists,5820
insurance claims and policy processing clerks,insurance claims and policy processing clerks,5840
"mail clerks and mail machine operators, except postal service","mail clerks and mail machine operators, except postal service",5850
"office clerks, general","office clerks, general",5860
"office machine operators, except computer","office machine operators, except computer",5900
proofreaders and copy markers,proofreaders and copy markers,5910
statistical assistants,statistical assistants,5920
other office and administrative support workers,other office and administrative support workers,5940
desktop publishers, desktop publishers,5830
"office and administrative support workers, all other"," office and administrative support workers, all other",5940
"first-line supervisors of farming, fishing, and forestry workers","first-line supervisors of farming, fishing, and forestry workers",6005
agricultural inspectors,agricultural inspectors,6010
"graders and sorters, agricultural products","graders and sorters, agricultural products",6040
other agricultural workers,other agricultural workers,6050
animal breeders, animal breeders,6020
miscellaneous agricultural workers, miscellaneous agricultural workers,6050
fishing and hunting workers,fishing and hunting workers,6115
forest and conservation workers,forest and conservation workers,6120
logging workers,logging workers,6130
first-line supervisors of construction trades and extraction workers,first-line supervisors of construction trades and extraction workers,6200
boilermakers,boilermakers,6210
"brickmasons, blockmasons, stonemasons, and reinforcing iron and rebar workers","brickmasons, blockmasons, stonemasons, and reinforcing iron and rebar workers",6220
"brickmasons, blockmasons, and stonemasons"," brickmasons, blockmasons, and stonemasons",6220
reinforcing iron and rebar workers, reinforcing iron and rebar workers,6500
carpenters,carpenters,6230
"carpet, floor, and tile installers and finishers","carpet, floor, and tile installers and finishers",6240
"cement masons, concrete finishers, and terrazzo workers","cement masons, concrete finishers, and terrazzo workers",6250
construction laborers,construction laborers,6260
construction equipment operators,construction equipment operators,6305
"drywall installers, ceiling tile installers, and tapers","drywall installers, ceiling tile installers, and tapers",6330
electricians,electricians,6355
glaziers,glaziers,6360
insulation workers,insulation workers,6400
painters and paperhangers,painters and paperhangers,6410
pipelayers,pipelayers,6441
"plumbers, pipefitters, and steamfitters","plumbers, pipefitters, and steamfitters",6442
plasterers and stucco masons,plasterers and stucco masons,6460
roofers,roofers,6515
sheet metal workers,sheet metal workers,6520
structural iron and steel workers,structural iron and steel workers,6530
solar photovoltaic installers,solar photovoltaic installers,6540
"helpers, construction trades","helpers, construction trades",6600
construction and building inspectors,construction and building inspectors,6660
elevator and escalator installers and repairers,elevator and escalator installers and repairers,6700
fence erectors,fence erectors,6710
hazardous materials removal workers,hazardous materials removal workers,6720
highway maintenance workers,highway maintenance workers,6730
rail-track laying and maintenance equipment operators,rail-track laying and maintenance equipment operators,6740
other construction and related workers,other construction and related workers,6765
septic tank servicers and sewer pipe cleaners, septic tank servicers and sewer pipe cleaners,6750
miscellaneous construction and related workers, miscellaneous construction and related workers,6765
"derrick, rotary drill, and service unit operators, and roustabouts, oil and gas","derrick, rotary drill, and service unit operators, and roustabouts, oil and gas",6800
"derrick, rotary drill, and service unit operators, oil and gas"," derrick, rotary drill, and service unit operators, oil and gas",6800
"roustabouts, oil and gas"," roustabouts, oil and gas",6920
surface mining machine operators and earth drillers,surface mining machine operators and earth drillers,6825
"excavating and loading machine and dragline operators, surface mining"," excavating and loading machine and dragline operators, surface mining",6821
"earth drillers, except oil and gas"," earth drillers, except oil and gas",6825
"explosives workers, ordnance handling experts, and blasters","explosives workers, ordnance handling experts, and blasters",6835
underground mining machine operators,underground mining machine operators,6850
other extraction workers,other extraction workers,6950
"rock splitters, quarry","rock splitters, quarry ",6950
helpers--extraction workers,helpers--extraction workers ,6950
"extraction workers, all other","extraction workers, all other ",6950
"first-line supervisors of mechanics, installers, and repairers","first-line supervisors of mechanics, installers, and repairers",7000
"computer, automated teller, and office machine repairers","computer, automated teller, and office machine repairers",7010
radio and telecommunications equipment installers and repairers,radio and telecommunications equipment installers and repairers,7020
avionics technicians,avionics technicians,7030
"electric motor, power tool, and related repairers","electric motor, power tool, and related repairers",7040
"other electrical and electronic equipment mechanics, installers, and repairers","other electrical and electronic equipment mechanics, installers, and repairers",7100
"electrical and electronics installers and repairers, transportation equipment"," electrical and electronics installers and repairers, transportation equipment",7050
"electrical and electronics repairers, commercial and industrial equipment","electrical and electronics repairers, commercial and industrial equipment",7100
"electrical and electronics repairers, powerhouse, substation, and relay","electrical and electronics repairers, powerhouse, substation, and relay",7100
"electronic equipment installers and repairers, motor vehicles"," electronic equipment installers and repairers, motor vehicles",7110
audiovisual equipment installers and repairers,audiovisual equipment installers and repairers,7120
security and fire alarm systems installers,security and fire alarm systems installers,7130
aircraft mechanics and service technicians,aircraft mechanics and service technicians,7140
automotive body and related repairers,automotive body and related repairers,7150
automotive glass installers and repairers,automotive glass installers and repairers,7160
automotive service technicians and mechanics,automotive service technicians and mechanics,7200
bus and truck mechanics and diesel engine specialists,bus and truck mechanics and diesel engine specialists,7210
heavy vehicle and mobile equipment service technicians and mechanics,heavy vehicle and mobile equipment service technicians and mechanics,7220
small engine mechanics,small engine mechanics,7240
"miscellaneous vehicle and mobile equipment mechanics, installers, and repairers","miscellaneous vehicle and mobile equipment mechanics, installers, and repairers",7260
control and valve installers and repairers,control and valve installers and repairers,7300
"heating, air conditioning, and refrigeration mechanics and installers","heating, air conditioning, and refrigeration mechanics and installers",7315
home appliance repairers,home appliance repairers,7320
industrial and refractory machinery mechanics,industrial and refractory machinery mechanics,7330
industrial machinery mechanics,industrial machinery mechanics,7330
"refractory materials repairers, except brickmasons","refractory materials repairers, except brickmasons",7330
"maintenance and repair workers, general","maintenance and repair workers, general",7340
"maintenance workers, machinery","maintenance workers, machinery",7350
millwrights,millwrights,7360
electrical power-line installers and repairers,electrical power-line installers and repairers,7410
telecommunications line installers and repairers,telecommunications line installers and repairers,7420
precision instrument and equipment repairers,precision instrument and equipment repairers,7430
"coin, vending, and amusement machine servicers and repairers","coin, vending, and amusement machine servicers and repairers",7510
locksmiths and safe repairers,locksmiths and safe repairers,7540
riggers,riggers,7560
"helpers--installation, maintenance, and repair workers","helpers--installation, maintenance, and repair workers",7610
"other installation, maintenance, and repair workers","other installation, maintenance, and repair workers",7640
wind turbine service technicians, wind turbine service technicians,7440
commercial divers, commercial divers,7520
manufactured building and mobile home installers, manufactured building and mobile home installers,7550
"other installation, maintenance, and repair workers"," other installation, maintenance, and repair workers",7640
signal and track switch repairers,signal and track switch repairers,7640
"installation, maintenance, and repair workers, all other","installation, maintenance, and repair workers, all other",7640
first-line supervisors of production and operating workers,first-line supervisors of production and operating workers,7700
"electrical, electronics, and electromechanical assemblers","electrical, electronics, and electromechanical assemblers",7720
engine and other machine assemblers,engine and other machine assemblers,7730
structural metal fabricators and fitters,structural metal fabricators and fitters,7740
other assemblers and fabricators,other assemblers and fabricators,7750
"aircraft structure, surfaces, rigging, and systems assemblers"," aircraft structure, surfaces, rigging, and systems assemblers",7710
fiberglass laminators and fabricators,fiberglass laminators and fabricators,7750
timing device assemblers and adjusters,timing device assemblers and adjusters,7750
team assemblers,team assemblers ,7750
"assemblers and fabricators, all other","assemblers and fabricators, all other ",7750
bakers,bakers,7800
"butchers and other meat, poultry, and fish processing workers","butchers and other meat, poultry, and fish processing workers",7810
"food and tobacco roasting, baking, and drying machine operators and tenders","food and tobacco roasting, baking, and drying machine operators and tenders",7830
food batchmakers,food batchmakers,7840
food cooking machine operators and tenders,food cooking machine operators and tenders,7850
"food processing workers, all other","food processing workers, all other",7855
computer numerically controlled tool operators and programmers,computer numerically controlled tool operators and programmers,7905
"forming machine setters, operators, and tenders, metal and plastic","forming machine setters, operators, and tenders, metal and plastic",7925
"cutting, punching, and press machine setters, operators, and tenders, metal and plastic","cutting, punching, and press machine setters, operators, and tenders, metal and plastic",7950
"grinding, lapping, polishing, and buffing machine tool setters, operators, and tenders, metal and plastic","grinding, lapping, polishing, and buffing machine tool setters, operators, and tenders, metal and plastic",8000
"other machine tool setters, operators, and tenders, metal and plastic","other machine tool setters, operators, and tenders, metal and plastic",8025
"drilling and boring machine tool setters, operators, and tenders, metal and plastic","drilling and boring machine tool setters, operators, and tenders, metal and plastic",8025
"lathe and turning machine tool setters, operators, and tenders, metal and plastic","lathe and turning machine tool setters, operators, and tenders, metal and plastic ",8025
"milling and planing machine setters, operators, and tenders, metal and plastic","milling and planing machine setters, operators, and tenders, metal and plastic",8025
machinists,machinists,8030
"metal furnace operators, tenders, pourers, and casters","metal furnace operators, tenders, pourers, and casters",8040
"model makers, patternmakers, and molding machine setters, metal and plastic","model makers, patternmakers, and molding machine setters, metal and plastic",8100
"model makers and patternmakers, metal and plastic"," model makers and patternmakers, metal and plastic",8060
"molders and molding machine setters, operators, and tenders, metal and plastic"," molders and molding machine setters, operators, and tenders, metal and plastic",8100
tool and die makers,tool and die makers,8130
"welding, soldering, and brazing workers","welding, soldering, and brazing workers",8140
other metal workers and plastic workers,other metal workers and plastic workers,8225
"multiple machine tool setters, operators, and tenders, metal and plastic","multiple machine tool setters, operators, and tenders, metal and plastic",8225
"heat treating equipment setters, operators, and tenders, metal and plastic","heat treating equipment setters, operators, and tenders, metal and plastic",8225
"layout workers, metal and plastic","layout workers, metal and plastic ",8225
"plating machine setters, operators, and tenders, metal and plastic","plating machine setters, operators, and tenders, metal and plastic",8225
"tool grinders, filers, and sharpeners","tool grinders, filers, and sharpeners",8225
"metal workers and plastic workers, all other","metal workers and plastic workers, all other ",8225
prepress technicians and workers,prepress technicians and workers,8250
printing press operators,printing press operators,8255
print binding and finishing workers,print binding and finishing workers,8256
laundry and dry-cleaning workers,laundry and dry-cleaning workers,8300
"pressers, textile, garment, and related materials","pressers, textile, garment, and related materials",8310
sewing machine operators,sewing machine operators,8320
shoe and leather workers,shoe and leather workers,8335
"tailors, dressmakers, and sewers","tailors, dressmakers, and sewers",8350
"textile machine setters, operators, and tenders","textile machine setters, operators, and tenders",8365
upholsterers,upholsterers,8450
"other textile, apparel, and furnishings workers","other textile, apparel, and furnishings workers",8465
"extruding and forming machine setters, operators, and tenders, synthetic and glass fibers","extruding and forming machine setters, operators, and tenders, synthetic and glass fibers ",8465
fabric and apparel patternmakers,fabric and apparel patternmakers,8465
"textile, apparel, and furnishings workers, all other","textile, apparel, and furnishings workers, all other ",8465
cabinetmakers and bench carpenters,cabinetmakers and bench carpenters,8500
furniture finishers,furniture finishers,8510
"sawing machine setters, operators, and tenders, wood","sawing machine setters, operators, and tenders, wood",8530
"woodworking machine setters, operators, and tenders, except sawing","woodworking machine setters, operators, and tenders, except sawing",8540
other woodworkers,other woodworkers,8555
"model makers and patternmakers, wood","model makers and patternmakers, wood",8555
"woodworkers, all other","woodworkers, all other ",8555
"power plant operators, distributors, and dispatchers","power plant operators, distributors, and dispatchers",8600
stationary engineers and boiler operators,stationary engineers and boiler operators,8610
water and wastewater treatment plant and system operators,water and wastewater treatment plant and system operators,8620
miscellaneous plant and system operators,miscellaneous plant and system operators,8630
"chemical processing machine setters, operators, and tenders","chemical processing machine setters, operators, and tenders",8640
"crushing, grinding, polishing, mixing, and blending workers","crushing, grinding, polishing, mixing, and blending workers",8650
cutting workers,cutting workers,8710
"extruding, forming, pressing, and compacting machine setters, operators, and tenders","extruding, forming, pressing, and compacting machine setters, operators, and tenders",8720
"furnace, kiln, oven, drier, and kettle operators and tenders","furnace, kiln, oven, drier, and kettle operators and tenders",8730
"inspectors, testers, sorters, samplers, and weighers","inspectors, testers, sorters, samplers, and weighers",8740
jewelers and precious stone and metal workers,jewelers and precious stone and metal workers,8750
dental and ophthalmic laboratory technicians and medical appliance technicians,dental and ophthalmic laboratory technicians and medical appliance technicians,8760
packaging and filling machine operators and tenders,packaging and filling machine operators and tenders,8800
painting workers,painting workers,8810
photographic process workers and processing machine operators,photographic process workers and processing machine operators,8830
adhesive bonding machine operators and tenders,adhesive bonding machine operators and tenders,8850
etchers and engravers,etchers and engravers,8910
"molders, shapers, and casters, except metal and plastic","molders, shapers, and casters, except metal and plastic",8920
"paper goods machine setters, operators, and tenders","paper goods machine setters, operators, and tenders",8930
tire builders,tire builders,8940
helpers--production workers,helpers--production workers,8950
"miscellaneous production workers, including equipment operators and tenders","miscellaneous production workers, including equipment operators and tenders",8990
other production equipment operators and tenders, other production equipment operators and tenders,8865
"cleaning, washing, and metal pickling equipment operators and tenders","cleaning, washing, and metal pickling equipment operators and tenders",8865
cooling and freezing equipment operators and tenders,cooling and freezing equipment operators and tenders,8865
semiconductor processing technicians,semiconductor processing technicians,8990
"production workers, all other","production workers, all other",8990
supervisors of transportation and material moving workers,supervisors of transportation and material moving workers,9005
aircraft pilots and flight engineers,aircraft pilots and flight engineers,9030
air traffic controllers and airfield operations specialists,air traffic controllers and airfield operations specialists,9040
flight attendants,flight attendants,9050
"ambulance drivers and attendants, except emergency medical technicians","ambulance drivers and attendants, except emergency medical technicians",9110
"bus drivers, school","bus drivers, school",9121
"bus drivers, transit and intercity","bus drivers, transit and intercity",9122
driver/sales workers and truck drivers,driver/sales workers and truck drivers,9130
shuttle drivers and chauffeurs,shuttle drivers and chauffeurs,9141
taxi drivers,taxi drivers,9142
"motor vehicle operators, all other","motor vehicle operators, all other",9150
locomotive engineers and operators,locomotive engineers and operators,9210
railroad conductors and yardmasters,railroad conductors and yardmasters,9240
other rail transportation workers,other rail transportation workers,9265
"railroad brake, signal, and switch operators and locomotive firers","railroad brake, signal, and switch operators and locomotive firers",9265
subway and streetcar operators,subway and streetcar operators,9265
"rail transportation workers, all other","rail transportation workers, all other",9265
"sailors and marine oilers, and ship engineers","sailors and marine oilers, and ship engineers",9300
sailors and marine oilers, sailors and marine oilers,9300
ship engineers, ship engineers,9330
ship and boat captains and operators,ship and boat captains and operators,9310
parking attendants,parking attendants,9350
transportation service attendants,transportation service attendants,9365
transportation inspectors,transportation inspectors,9410
passenger attendants,passenger attendants,9415
other transportation workers,other transportation workers,9430
bridge and lock tenders,bridge and lock tenders,9430
traffic technicians,traffic technicians,9430
"transportation workers, all other","transportation workers, all other",9430
crane and tower operators,crane and tower operators,9510
"conveyor, dredge, and hoist and winch operators","conveyor, dredge, and hoist and winch operators",9570
conveyor operators and tenders,conveyor operators and tenders,9570
dredge operators,dredge operators,9570
hoist and winch operators,hoist and winch operators,9570
industrial truck and tractor operators,industrial truck and tractor operators,9600
cleaners of vehicles and equipment,cleaners of vehicles and equipment,9610
"laborers and freight, stock, and material movers, hand","laborers and freight, stock, and material movers, hand",9620
machine feeders and offbearers,machine feeders and offbearers,9630
"packers and packagers, hand","packers and packagers, hand",9640
stockers and order fillers,stockers and order fillers,9645
pumping station operators,pumping station operators,9650
refuse and recyclable material collectors,refuse and recyclable material collectors,9720
other material moving workers,other material moving workers,9760
"tank car, truck, and ship loaders","tank car, truck, and ship loaders",9760
"material moving workers, all other","material moving workers, all other",9760
military officer special and tactical operations leaders,military officer special and tactical operations leaders,9800
first-line enlisted military supervisors,first-line enlisted military supervisors,9810
military enlisted tactical operations and air/weapons specialists and crew members,military enlisted tactical operations and air/weapons specialists and crew members,9825
"military, rank not specified","military, rank not specified",9830